邢唷??                >  ?	                         ?      ?        G   ??                     	   
                                                                      !   "   #   $   %   &   '   (   )   *   +   ,   -   .   /   0   1   2   3   4   5   6   7   8   9   :   ;   <   =   >   ?   @   A   B   C   D   E   F   H   ?I   J   K   L   M   N   O   P   Q   R   S   T   U   V   W   X   Y   Z   [   \   ]   ^   _   `   a   b   c   d   e   f   g   h   i   j   k   l   m   n   o   p   q   r   s   t   u   v   w   x   y   z   {   |   }   ~      €   R o o t   E n t r y                                                        ?      F            `9e"TU??   ?      W o r k b o o k                                                                                         (I     E T E x t D a t a                                                                                              R       S u m m a r y I n f o r m a t i o n                           (                                        
   ?       	   ??羳   ?  ??    ?   \ p  T K                                                                                                          B  ?a   ?  =                ?   ?   =      g 8      X@    ?    "       ?   ?    1  ?   ?     A r i a l 1      ?     C a l i b r i 1      ?     C a l i b r i 1      ?     C a l i b r i 1 " ?   	 ?     	H e l v e t i c a 1 " ?  	 ?     	H e l v e t i c a 1 " ?   ? ?     	H e l v e t i c a 1 " ?    ?     	H e l v e t i c a 1  ?    ?     C a l i b r i 1  ?   	 ?     C a l i b r i 1  ?   
 ?     C a l i b r i 1    6 ?     C a l i b r i 1  ?   	 ?     C a l i b r i 1  ?    ?     C a l i b r i 1  ?    ?     C a l i b r i 1  ?    ?     C a l i b r i 1  ?   5 ?     C a l i b r i 1  ?   ? ?     C a l i b r i 1  ?    ?     C a l i b r i 1  ,  6 ?     C a l i b r i 1  ?    ?     C a l i b r i 1  ?   5 ?     C a l i b r i 1  ?   6 ?     C a l i b r i 1  h  6 ?     C a l i b r i 1  ?    ?    C a l i b r i 1  ?   > ?     C a l i b r i 1  ?   ?     C a l i b r i 1  ?    ?    C a l i b r i +   " ?" # , # # 0 ; " ?" \ - # , # # 0 5   " ?" # , # # 0 ; [ R e d ] " ?" \ - # , # # 0 7   " ?" # , # # 0 . 0 0 ; " ?" \ - # , # # 0 . 0 0 A   " ?" # , # # 0 . 0 0 ; [ R e d ] " ?" \ - # , # # 0 . 0 0 i * 2 _   " ?" *   # , # # 0 _   ; _   " ?" *   \ - # , # # 0 _   ; _   " ?" *   " - " _   ; _   @ _   W ) ) _   *   # , # # 0 _   ; _   *   \ - # , # # 0 _   ; _   *   " - " _   ; _   @ _   y , : _   " ?" *   # , # # 0 . 0 0 _   ; _   " ?" *   \ - # , # # 0 . 0 0 _   ; _   " ?" *   " - " ? ? _   ; _   @ _   g + 1 _   *   # , # # 0 . 0 0 _   ; _   *   \ - # , # # 0 . 0 0 _   ; _   *   " - " ? ? _   ; _   @ _   /   \ $ # , # # 0 _ ) ; \ ( \ $ # , # # 0 \ ) 9   \ $ # , # # 0 _ ) ; [ R e d ] \ ( \ $ # , # # 0 \ ) ;   \ $ # , # # 0 . 0 0 _ ) ; \ ( \ $ # , # # 0 . 0 0 \ ) E    \ $ # , # # 0 . 0 0 _ ) ; [ R e d ] \ ( \ $ # , # # 0 . 0 0 \ ) c ? / _ ( \ $ *   # , # # 0 _ ) ; _ ( \ $ *   \ ( # , # # 0 \ ) ; _ ( \ $ *   " - " _ ) ; _ ( @ _ ) s ? 7 _ ( \ $ *   # , # # 0 . 0 0 _ ) ; _ ( \ $ *   \ ( # , # # 0 . 0 0 \ ) ; _ ( \ $ *   " - " ? ? _ ) ; _ ( @ _ ) ?      ?           ??     ?  ?        ??     ?  ?        ??     ?  ?        ??     ?  ?        ??      ?  ?        ??      ?  ?        ??      ?  ?        ??      ?  ?        ??      ?  ?        ??      ?  ?        ??      ?  ?        ??      ?  ?        ??      ?  ?        ??      ?  ?        ??                  ??  	   ?  ?  @ @   ?    + ?  ?        ??    ) ?  ?        ??    ? ?  ?        ??    ? ?  ?        ??    	 ?  ?        ??     ?  攆f?? 7 ?     ?  ?  @ @  ??     ?  ?  ?     ?  ?  @ @   ??  
   ?  ?  @ @  / ?     ?  ?  @ @   ??  	   ?  ?  @ @   ?     ?  ?  @ @   ??  	   ?  ?  @ @  / ?     ?  ?  @ @   ??     ?  ?  @ @   ??     ?  ?  @ @  ??     ?  ?  @ @  ??     ?  ?  @ @   ??     ?  ??? / ?  
   ?  ?  @ @   ?     ?  ?  @ @  * ?     ?  ??? 	 ?  	   ?  ?  @ @   ?     ?  ??? 	 ?     ?  ? `@ @  ??     ?  ? a@ 0  ??     ?  ?  @ @  - ?     ?  ?  @ @  + ?  
   ?  ?  @ @  0 ?  	   ?  ?  @ @   ?  
   ?  ?  @ @  , ?  
   ?  ?  @ @  5 ?  	   ?  ?  @ @   ?  	   ?  ?  @ @  * ?  
   ?  ?  @ @  / ?  
   ?  ?  @ @  7 ?  	   ?  ?  @ @  	 ?  
   ?  ?  @ @  3 ?  	   ?  ?  @ @   ?  	   ?  ?  @ @  + ?  
   ?  ?  @ @  6 ?  	   ?  ?  @ @   ?  
   ?  ?  @ @   ?  
   ?  ?  @ @  9 ?  	   ?  ?  @ @   ?  
   ?  ?  @ @   ?      
  x""?? ? ?      
  x""?? ? ?      
  x""?? 	 ?      
  x""?? 	 | |            D ?7}A }                   蘈                             }? }                	     ???        
     ???             ???             ???             ゥ?                       }A }                                                  }} }                	     膊?        
     膊?             膊?             膊?             ?          }- }                                 }A }                   23                              }- }                     € €          }A }                   蘈                             }- }                                 }A }                   蘈                             }- }                                  }- }                                }A }            !                                      }A }            "       ?                             }- }            #                      }? }            $    	             
                                            虣             ??v          }A }            %       23                              }A }            &         骑?              a           }? }            '    	     ???        
     ???             ???             ???             蝌?             ???          }A }            (       ef                             }? }            )    	             
                                            蝌?             鷠           }A }            *         €             鷠           }U }            +                                                      }A }            ,         俏             ?           }A }            -         霚             渆           }A }            .                                       }A }            /       ef                             }A }            0       23                              }A }            1                                       }A }            2       ef                             }A }            3       ef	                             }A }            4       23                              }A }            5                                       }A }            6       ef                             }A }            7                                       }A }            8       ef                             }A }            9       蘈                             }A }            :                                       }A }            ;       蘈                             }A }            <       23                              }A }            =         	                              }A }            >       蘈	                             }A }            ?       23	                              }? }            @    	     後?        
     後?             後?             後?             &$W             後?        }? }            A    	     後?        
     後?             後?             後?             &$W             後?        }? }            B    	     後?        
     後?             葺?             後?                          ICC        }? }            C    	     後?        
     後?             葺?             後?                          i?        ?  € ?" ?            N o r m a l     ?   4 0 %   -   A c c e n t 1 ?0 ?           4 0 %   -   A c c e n t 1     ? €? €? €? €? €?  
 C h e c k   C e l l ?* ?          
 C h e c k   C e l l     ?  	 H e a d i n g   2 ?( ?          	 H e a d i n g   2     ?   N o t e ? ?          
 N o t e     ? €?   6 0 %   -   A c c e n t 4 ?0 ?          , 6 0 %   -   A c c e n t 4     ? €	?   4 0 %   -   A c c e n t 3 ?0 ?          ' 4 0 %   -   A c c e n t 3     ?   W a r n i n g   T e x t ?. ?           W a r n i n g   T e x t     ?   4 0 %   -   A c c e n t 2 ?0 ?          # 4 0 %   -   A c c e n t 2     ?   T i t l e ?  ?           T i t l e     ?'    C E x p l a n a t o r y   T e x t ?8 ?          5 C E x p l a n a t o r y   T e x t     ? ! 	 H e a d i n g   1 ?( ?          	 H e a d i n g   1     ? " 	 H e a d i n g   3 ?( ?          	 H e a d i n g   3     ? # 	 H e a d i n g   4 ?( ?          	 H e a d i n g   4     ? $  I n p u t ?  ?           I n p u t     ? %  6 0 %   -   A c c e n t 3 ?0 ?          ( 6 0 %   -   A c c e n t 3     ? &  G o o d ? ?           G o o d     ? '  O u t p u t ?" ?           O u t p u t     ? (  2 0 %   -   A c c e n t 1 ?0 ?           2 0 %   -   A c c e n t 1     ? )  C a l c u l a t i o n ?, ?           C a l c u l a t i o n     ? *  L i n k e d   C e l l ?, ?           L i n k e d   C e l l     ? +  T o t a l ?  ?           T o t a l     ? ,  B a d ? ?           B a d     ? -  N e u t r a l ?$ ?           N e u t r a l     ? .  A c c e n t 1 ?$ ?           A c c e n t 1     ? /  2 0 %   -   A c c e n t 5 ?0 ?          . 2 0 %   -   A c c e n t 5     ? 0  6 0 %   -   A c c e n t 1 ?0 ?            6 0 %   -   A c c e n t 1     ? 1  A c c e n t 2 ?$ ?          ! A c c e n t 2     ? 2  2 0 %   -   A c c e n t 2 ?0 ?          " 2 0 %   -   A c c e n t 2     ? 3  2 0 %   -   A c c e n t 6 ?0 ?          2 2 0 %   -   A c c e n t 6     ? 4  6 0 %   -   A c c e n t 2 ?0 ?          $ 6 0 %   -   A c c e n t 2     ? 5  A c c e n t 3 ?$ ?          % A c c e n t 3     ? 6  2 0 %   -   A c c e n t 3 ?0 ?          & 2 0 %   -   A c c e n t 3     ? 7  A c c e n t 4 ?$ ?          ) A c c e n t 4     ? 8  2 0 %   -   A c c e n t 4 ?0 ?          * 2 0 %   -   A c c e n t 4     ? 9  4 0 %   -   A c c e n t 4 ?0 ?          + 4 0 %   -   A c c e n t 4     ? :  A c c e n t 5 ?$ ?          - A c c e n t 5     ? ;  4 0 %   -   A c c e n t 5 ?0 ?          / 4 0 %   -   A c c e n t 5     ? <  6 0 %   -   A c c e n t 5 ?0 ?          0 6 0 %   -   A c c e n t 5     ? =  A c c e n t 6 ?$ ?          1 A c c e n t 6     ? >  4 0 %   -   A c c e n t 6 ?0 ?          3 4 0 %   -   A c c e n t 6     ? ?  6 0 %   -   A c c e n t 6 ?0 ?          4 6 0 %   -   A c c e n t 6     c c                   ???              PK
     嘚釦               theme/PK
     嘚釦               theme/theme/PK    嘚釦ky?}   ?      theme/theme/themeManager.xml蘉
?@醹愘7c?Eb菜? C?A菭覠圩邈?芜諞KY,?奺?埛饇,?ㄚH?l崆骈x纱?逫萻Q}#諓叚递 值+??較?j=婫W栌?釫?&
8?PK    嘚釦L栃?        theme/theme/theme1.xml鞾Mo7??X旖慸?2"??vDJ?j?w?);?杀@仮i袺佫z(?H€^襙?E??rW+R侨!-b_$顩徙甜购r鮝B絚?ai钳]N?犋wG儚.麨?e)铠s,?~p砣'?鸗鞝?K欗T*"€a$.?юl聏?|錛%滂?床U?+	"╋?贩&`w岫O羨*?(*Nk
!姊K箇宧菄Bv2?ワQ$$<桫UWv疶蠳aD?[胣?
宦 渘?y4.'蹑^開╘酋[齠縔 耙湅槌边揎5
??:|鱖巾殔7黲痲辦?疉??~0鐱-?屮?綹omu?^價|s擢铛?疉1%閠]m4坊嬚枑	?Nx籕炊
鏚TCY]j?K濡ZK?? P@?I=9橡P縘D蓸飷D盩訝寣琦P 謫詫?8蒬强??K_3秕嫥灍>赳阌G?缇,?擣︶盔O娇瀩麝蒞n?窨糍o縹??Z2z??}??咩hl翯$谅粔O?,伒槔靥駱繖?F牟@1鴙割素逌#曷韈;x?H?xm隼?岡L翘7饽1F?w鄦毸堭h朏钌妮A柝5wj磽竆vcl鸭MQ*Q凷,=鯇M1v>!V\廐罊`檩'?"螑屓?ぅ?I /sAH?洠{?．U黟睄?仺凕S+屪蠰⒛錼?j?韶Er8鐏夒	檸0e^?腂竘nqX瘧? 畲褃b#?S椣C臉夓眎7FI媛I涁徟Jy窓t翉樈C詗?J7罺合偦牅&仺'3钊?态?伍a? 鞏^'$=S俭匏v沁隳箉V膠?(?4Koc??杲B縒h涼蜊族?僇`~庵顼d泷{B(?艊B熇4爌 兪N_:qy薭v2L`?幋嵡欬勅x?N?_9塂?^??醢臃掠Yr穆Yf.慑x礠幟岮骅fky?輐稇抉.(?!aLf撠v恏-U愻?傛 鯲X?,.+鲖T jeV鄤淞躬?阘FpmB?Oy?僬蓔洐?L?R（€e婋棋┱濂v嶭[$宺矷枞?&b猗:砧yh糹藬Z鬞(奨4Z?嵟Esv@SS)h隄tvJ&@Y菬理>&詭P'[D#x?H瀘鴭(K茀??注摣AB$?%I荳?覢S?歔m釢%?Yy兹A翼$闵襆???呄德鵗沖???屆oLg??k磈*€!饖G3$餠?瞖4v妥偤嗱qD???激？?0?k唨!)?R?M水憇刎u?R?Ds?-UQ]迎b???藡5y冋"男.?烱鳘涠Z穜N(?紝煟霝?詵揧?鉼V歖屭絚崩3\竇塠?溣拎??丨V-M鏙i咘? 耔粱??邶PK
     嘚釦               _rels/PK    嘚釦ブх?   6     _rels/.rels厪蟡?囷吔冄}Q颐%v/C/ ?h"?脎O?
?劋秣?孂釘?毆免C?薶醰=?偵叅?[xp啠{鄣_糚眩<???堎O糝瓸d焉襃E?b$q_?槥?L吁R?`畯ㄉ趁0虨O??錏n7擫i鋌〃/鉙綈╡械根铸PK
     嘚釦               theme/theme/_rels/PK    嘚釦褠煰     '   theme/theme/_rels/themeManager.xml.rels厪M
?匃倃oo雍?輬协?勪56?$Q祉?.嘺緳i粭澤c2?h?:闀q毩m胳嶡RN壻;d癭値o7?g慘(M&$R(.1榬'J摐袏T鶂?V?＆A然蠬鱱}狇?|?絙{? 朠?除8塯/]As賲(⑵锑#洩L蔥汉倪PK    嘚釦 ?银        [Content_Types].xml瓚薔?E鱄鼉?J湶@%閭菐洽|廊?韶钵UL襎B?l,巽圭x\銧v擉T閁^h卍}悒)徽*1P?揯讞彐0)棣T闉9?搇?ぼ$┐>幚矋?`?燙s]7苲b$蝬市u鶂-lV弡9>欴扸髑?锣,皹?5?貰去s緭z視hhs?U~,}?氳To?F?,從*=雽琽[g瘪v;??蜾??悓3?y	;	橓o隣PK     嘚釦 ?银                 ?	  [Content_Types].xmlPK 
     嘚釦                          _rels/PK     嘚釦ブх?   6              8  _rels/.relsPK 
     嘚釦                            theme/PK 
     嘚釦                        $   theme/theme/PK 
     嘚釦                          theme/theme/_rels/PK     嘚釦褠煰     '            K  theme/theme/_rels/themeManager.xml.relsPK     嘚釦L栃?                   theme/theme/theme1.xmlPK     嘚釦ky?}   ?               N   theme/theme/themeManager.xmlPK    	 	 ?  h
    ? ?              ?X ?          ?     T a b l e S t y l e M e d i u m 2 P i v o t S t y l e L i g h t 1 6 `   ?  e[    S h e e t 1 ?  8F   S h e e t 2 ?  癎   S h e e t 3 ? ?                    ?    ? ?  ? ?  7  ?    P u b l i c   u n i v e r s i t y   r a n k   2 0 1 9  	 W S J / T H E ? U S   C o l l e g e   R a n k   2 0 1 9   
 U n i v e r s i t y  C i t y  S t a t e % U n i v e r s i t y   o f   C a l i f o r n i a ,   L o s   A n g e l e s  L o s   A n g e l e s 
 C a l i f o r n i a  U n i v e r s i t y   o f   M i c h i g a n 	 A n n   A r b o r  M i c h i g a n " U n i v e r s i t y   o f   C a l i f o r n i a ,   B e r k e l e y  B e r k e l e y + U n i v e r s i t y   o f   N o r t h   C a r o l i n a   a t   C h a p e l   H i l l  C h a p e l   H i l l  N o r t h   C a r o l i n a  U n i v e r s i t y   o f   C a l i f o r n i a ,   D a v i s  D a v i s  P u r d u e   U n i v e r s i t y  W e s t   L a f a y e t t e  I n d i a n a # U n i v e r s i t y   o f   C a l i f o r n i a ,   S a n   D i e g o  L a   J o l l a * U n i v e r s i t y   o f   I l l i n o i s   a t   U r b a n a - C h a m p a i g n 	 C h a m p a i g n  I l l i n o i s  U n i v e r s i t y   o f   V i r g i n i a  C h a r l o t t e s v i l l e  V i r g i n i a  U n i t e d   S t a t e s   M i l i t a r y   A c a d e m y  W e s t ?   P o i n t  N e w   Y o r k  G e o r g i a   I n s t i t u t e   o f   T e c h n o l o g y  A t l a n t a  G e o r g i a  U n i v e r s i t y   o f   W a s h i n g t o n  S e a t t l e 
 W a s h i n g t o n  U n i v e r s i t y   o f   T e x a s   a t   A u s t i n  A u s t i n  T e x a s  U n i v e r s i t y   o f   W i s c o n s i n - M a d i s o n  M a d i s o n 	 W i s c o n s i n  U n i v e r s i t y   o f   F l o r i d a  G a i n e s v i l l e  F l o r i d a  U n i v e r s i t y   o f   P i t t s b u r g h 
 P i t t s b u r g h  P e n n s y l v a n i a $ U n i v e r s i t y   o f   M a r y l a n d ,   C o l l e g e   P a r k  C o l l e g e   P a r k  M a r y l a n d ' U n i v e r s i t y   o f   C a l i f o r n i a ,   S a n t a   B a r b a r a  S a n t a   B a r b a r a  W i l l i a m   &   M a r y  W i l l i a m s b u r g  M i c h i g a n   S t a t e   U n i v e r s i t y  E a s t   L a n s i n g  O h i o   S t a t e   U n i v e r s i t y  C o l u m b u s  O h i o  T e x a s   A & M   U n i v e r s i t y  C o l l e g e   S t a t i o n  U n i v e r s i t y   o f   C o n n e c t i c u t  S t o r r s  C o n n e c t i c u t   U n i v e r s i t y   o f   C a l i f o r n i a ,   I r v i n e  I r v i n e  P e n n s y l v a n i a   S t a t e   U n i v e r s i t y  U n i v e r s i t y   P a r k 3 V i r g i n i a   P o l y t e c h n i c   I n s t i t u t e   a n d   S t a t e   U n i v e r s i t y 
 B l a c k s b u r g # U n i v e r s i t y   o f   M i n n e s o t a   T w i n   C i t i e s  M i n n e a p o l i s 	 M i n n e s o t a  U n i v e r s i t y   a t   B u f f a l o  B u f f a l o ! U n i v e r s i t y   o f   I l l i n o i s   a t   C h i c a g o  C h i c a g o  N o r t h   C a r o l i n a   S t a t e   U n i v e r s i t y  R a l e i g h  S t o n y   B r o o k   U n i v e r s i t y  S t o n y   B r o o k  U n i v e r s i t y   o f   D e l a w a r e  N e w a r k  D e l w a r e   I n d i a n a   U n i v e r s i t y   ( B l o o m i n g t o n )  B l o o m i n g t o n  U n i v e r s i t y   o f   I o w a 	 I o w a   C i t y  I o w a ! M i c h i g a n   T e c h n o l o g i c a l   U n i v e r s i t y  H o u g h t o n + R u t g e r s ,   t h e   S t a t e   U n i v e r s i t y   o f   N e w   J e r s e y  N e w   B r u n s w i c k 
 N e w   J e r s e y # U n i v e r s i t y   o f   M a s s a c h u s e t t s   A m h e r s t  A m h e r s t  M a s s a c h u s e t t s  T e m p l e   U n i v e r s i t y  P h i l a d e l p h i a  V i r g i n i a   M i l i t a r y   I n s t i t u t e 	 L e x i n g t o n 3 B i n g h a m t o n   U n i v e r s i t y ,   S t a t e   U n i v e r s i t y   o f   N e w   Y o r k  V e s t a l  C o l o r a d o   S c h o o l   o f   M i n e s  G o l d e n  C o l o r a d o  U n i v e r s i t y   o f   U t a h  S a l t   L a k e   C i t y  U t a h  U n i v e r s i t y   o f   O k l a h o m a  N o r m a n  O k l a h o m a 8 C a l i f o r n i a   P o l y t e c h n i c   S t a t e   U n i v e r s i t y ,   S a n   L u i s   O b i s p o  S a n   L u i s   O b i s p o # U n i v e r s i t y   o f   C a l i f o r n i a ,   R i v e r s i d e 	 R i v e r s i d e  U n i v e r s i t y   o f   A r i z o n a  T u c s o n  A r i z o n a  C l e m s o n   U n i v e r s i t y  C l e m s o n  S o u t h   C a r o l i n a  W a s h i n g t o n   S t a t e   U n i v e r s i t y  P u l l m a n  A r i z o n a   S t a t e   U n i v e r s i t y  T e m p e  U n i v e r s i t y   o f   C o l o r a d o   B o u l d e r  B o u l d e r  G e o r g e   M a s o n   U n i v e r s i t y  F a i r f a x  R u t g e r s   U n i v e r s i t y - N e w a r k - M i s s o u r i   U n i v e r s i t y   o f   S c i e n c e   a n d   T e c h n o l o g y  R o l l a  M i s s o u r i  U n i v e r s i t y   o f   G e o r g i a  A t h e n s  U n i v e r s i t y   o f   C o l o r a d o   D e n v e r  D e n v e r  T h e   C o l l e g e   o f   N e w   J e r s e y  E w i n g   U n i v e r s i t y   o f   W a s h i n g t o n B o t h e l l ?  B o t h e l l  U n i v e r s i t y   o f   W a s h i n g t o n - T a c o m a  T a c o m a  F l o r i d a   S t a t e   U n i v e r s i t y  T a l l a h a s s e e # S t a t e   U n i v e r s i t y   o f   N e w   Y o r k   A l b a n y  A l b a n y  U n i v e r s i t y   o f   O r e g o n  E u g e n e  O r e g o n # U n i v e r s i t y   o f   A l a b a m a   a t   B i r m i n g h a m 
 B i r m i n g h a m  A l a b a m a  I o w a   S t a t e   U n i v e r s i t y  A m e s  O r e g o n   S t a t e   U n i v e r s i t y 	 C o r v a l l i s $ U n i v e r s i t y   o f   C a l i f o r n i a ,   S a n t a   C r u z 
 S a n t a   C r u z  C U N Y   B e r n a r d   M   B a r u c h   C o l l e g e  C U N Y   C i t y   C o l l e g e  A u b u r n   U n i v e r s i t y  A u b u r n  U n i v e r s i t y   o f   K a n s a s  L a w r e n c e  K a n s a  R u t g e r s   U n i v e r s i t y - C a m d e n  C a m d e n  U n i v e r s i t y   o f   S o u t h   C a r o l i n a  C o l u m b i a  U n i v e r s i t y   o f   V e r m o n t 
 B u r l i n g t o n  V e r m o n t " U n i v e r s i t y   o f   T e n n e s s e e ,   K n o x v i l l e 	 K n o x v i l l e 	 T e n n e s s e e  U n i v e r s i t y   o f   W y o m i n g  L a r a m i e  W y o m i n g  C U N Y   H u n t e r   C o l l e g e  S a n   D i e g o   S t a t e   U n i v e r s i t y 	 S a n   D i e g o ( U n i v e r s i t y   o f   M a r y l a n d ,   B a l t i m o r e   C o u n t y 	 B a l t i m o r e  J a m e s   M a d i s o n   U n i v e r s i t y  H a r r i s o n b u r g  M i a m i   U n i v e r s i t y  O x f o r d " N e w   J e r s e y   I n s t i t u t e   o f   T e c h n o l o g y  R o w a n   U n i v e r s i t y 	 G l a s s b o r o 2 S U N Y   C o l l e g e   o f   E n v i r o n m e n t a l   S c i e n c e   a n d   F o r e s t r y  S y r a c u s e  W a y n e   S t a t e   U n i v e r s i t y  D e t r o i t  C U N Y   Q u e e n s   C o l l e g e  Q u e e n s  L o u i s i a n a   S t a t e   U n i v e r s i t y  B a t o n   R o u g e 	 L o u i s i a n a  U n i v e r s i t y   o f   N e v a d a - R e n o  R e n o  N e v a d a   V i r g i n i a   C o m m o n w e a l t h   U n i v e r s i t y  R i c h m o n d  O k l a h o m a   S t a t e   U n i v e r s i t y 
 S t i l l w a t e r  I l l i n o i s   S t a t e   U n i v e r s i t y  N o r m a l  U n i v e r s i t y   o f   K e n t u c k y  K e n t u c k y  U n i v e r s i t y   o f   H a w a i ' i   a t   M n o a  H o n o l u l u  H a w a i i ' S o u t h e r n   I l l i n o i s   U n i v e r s i t y   C a r b o n d a l e 
 C a r b o n d a l e  U n i v e r s i t y   o f   M i s s i s s i p p i  M i s s i s s i p p i  U n i v e r s i t y   o f   H o u s t o n  H o u s t o n  U n i v e < ?r s i t y   o f   M i n n e s o t a - M o r r i s  M o r r i s  U n i v e r s i t y   o f   C i n c i n n a t i 
 C i n c i n n a t i ' M a s s a c h u s e t t s   C o l l e g e   o f   A r t   a n d   D e s i g n  B o s t o n  U n i v e r s i t y   o f   M i s s o u r i # U n i v e r s i t y   o f   A l a b a m a   i n   H u n t s v i l l e 
 H u n t s v i l l e  U n i v e r s i t y   o f   M i c h i g a n - D e a r b o r n  D e a r b o r n  S U N Y   N e w   P a l t z 	 N e w   P a l t z  S t o c k t o n   U n i v e r s i t y  G a l l o w a y  
 ? ?     
   	   ??羳             g   %  Si  w  5?  蕡       d         褚MbP?_   *    +    ?   €          %    ?  ?      ?    ?    &        ?'        ?(  \徛?\?)  \徛?\?? "  d      ? XXR?呺Q?R?呺Q? ?& ?                                    U   }    ?   }    I   }    ?         g              U           U           9           U           q           G           9           U           c       	    9       
    G           U           G           G           U           9           G           U           U           +           G           G           G           G           G           U                      U           9           G           U           G      ? 
     @     ? 
    A    ? 
    @    ? 
    @    ? 
    @    ?     B   ?B   9@ ? 
   C    ? 
   B    ? 
   B    ?     B    @B   <@ ? 
   C    ? 
   B 	   ? 
   B 
   ~
    B   @    B      €@@       ! ? 
   C    ? 
   B    ? 
   B    ~
    B   @    B      €B@       % ? 
   C    ? 
   B    ? 
   B    ~
    B   @    B      €D@       ) ? 
   C    ? 
   B    ? 
   B    ?     B   @B  €E@ ? 
   C    ? 
   B    ? 
   B    ?     B   @B  €F@ ? 
   C    ? 
   B    ? 
   B    ~
    B    @    B       H@       0 ? 
   C    ? 
   B    ? 
   B    ~
 	   B   "@  	  B      €I@       3 ? 
 	  C    ? 
 	  B    ? 
 	  B    ?  
   B   $@B   M@ ? 
 
  C    ? 
 
  B    ? 
 
  B         B       &@            B       N@       < ? 
   C     ? 
   B !   ? 
   B "        B       &@            B       N@       < ? 
   C #   ? 
   B $   ? 
   B %   ~
    B   *@    B       O@       > ? 
   C &   ? 
   B '   ? 
   B (   ?     B   ,@B  €P@ ? 
   C )   ? 
   B *   ? 
   B +   ?     B   .@B  @R@ ? 
   C ,   ? 
   B -   ? 
   B .   ?     B   0@B   T@ ? 
   C /   ? 
   B 0   ? 
   B 1   ?     B   1@B  @T@ ? 
   C 2   ? 
   B 3   ? 
   B 4   ~
    B   2@    B      繲@       S ? 
   C 5   ? 
   B 6   ? 
   B    ~
    B   3@    B      繳@       W ? 
   C 7   ? 
   B 8   ? 
   B    ~
    B   4@    B      @V@       Y ? 
   C 9   ? 
   B :   ? 
   B 
        B       5@            B      €W@       ^ ? 
   C ;   ? 
   B <   ? 
   B =        B       5@            B      €W@       ^ ? 
   C >   ? 
   B ?   ? 
   B (   ?     B   7@B  @X@ ? 
   C @   ? 
   B A   ? 
   B B   ?     B   8@B  繶@ ? 
   C C   ? 
   B D   ? 
   B    ~
    B   9@    B       Z@       h ? 
   C E   ? 
   B F   ? 
   B 1   ~
    B   :@    B      €Z@       j ? 
   C G   ? 
   B H   ? 
   B    ~
    B   ;@    B      €\@       r ? 
   C I   ? 
   B J   ? 
   B K   ~
    B   <@    B       ^@       x ? 
   C L   ? 
   B M   ? 
   B    ~
    B   =@    B      €`@       ? ? 
   C N   ? 
   B O   ? 
   B         B       >@            B      郹@       ? ? 
   C P   ? 
   B Q   ? 
   B         B       >@            B      郹@       ? ? 
   C R   ? 
   B S   ? 
   B    ? D ?  lF @ @ U U U @ @ U U @ d d U @ @ @ @ U U U d d @ @ U U U U U d       9       !    U       "    +       #    U       $    U       %    U       &    9       '    9       (    q       )    9       *    +       +    G       ,           -    U       .    9       /    9       0    G       1    G       2    G       3    G       4    9       5    q       6    9       7    G       8    G       9    U       :    U       ;    G       <    U       =    9       >    c       ?    G            B       @@              B       b@       ? ? 
    C T   ? 
    B U   ? 
    B V     !   B       @@           !  B       b@       ? ? 
 !  C W   ? 
 !  B X   ? 
 !  B    ?  "   B   A@B  `c@ ? 
 "  C Y   ? 
 "  B Z   ? 
 "  B [   ?  #   B  €A@B  纁@ ? 
 #  C \   ? 
 #  B ]   ? 
 #  B 
   ~
 $   B   B@  $  B      @d@       ? ? 
 $  C ^   ? 
 $  B _   ? 
 $  B `   ?  %   B  €B@B  €d@ ? 
 %  C a   ? 
 %  B b   ? 
 %  B c     &   B       C@       &   &  B       e@       ? ? 
 &  C d   ? 
 &  B e   ? 
 &  B 1     '   B       C@       &   '  B       e@       ? ? 
 '  C f   ? 
 '  B g   ? 
 '  B    ~
 (   B   D@  (  B      纄@       ? ? 
 (  C h   ? 
 (  B i   ? 
 (  B    ~
 )   B  €D@  )  B      @f@       ? ? 
 )  C j   ? 
 )  B k   ? 
 )  B l   ~
 *   B   E@  *  B      爂@       ? ? 
 *  C m   ? 
 *  B n   ? 
 *  B o   ?  +   B  €E@B  纈@ ? 
 +  C p   ? 
 +  B q   ? 
 +  B r     ,   B       F@       ,   ,  B      €j@       ? ? 
 ,  C s   ? 
 ,  B t   ? 
 ,  B      -   B       F@       ,   -  B      €j@       ? ? 
 -  C u   ? 
 -  B v   ? 
 -  B      .   B       G@       .   .  B       k@       ? ? 
 .  C w   ? 
 .  B x   ? 
 .  B y     /   B       G@       .   /  B       k@       ? ? 
 /  C z   ? 
 /  B {   ? 
 /  B |   ~
 0   B   H@  0  B      鄈@       ? ? 
 0  C }   ? 
 0  B ~   ? 
 0  B %   ~
 1   B  €H@  1  B      @l@       ? ? 
 1  C    ? 
 1  B €   ? 
 1  B y   ?  2   B   I@B  €l@ ? 
 2  C ?   ? 
 2  B ?   ? 
 2  B l     3   B      €I@       3   3  B      鄉@       ? ? 
 3  C ?   ? 
 3  B ?   ? 
 3  B      4   B      €I@       3   4  B      鄉@       ? ? 
 4  C ?   ? 
 4  B U   ? 
 4  B `   ~
 5   B  €J@  5  B      爉@       ? ? 
 5  C ?   ? 
 5  B ?   ? 
 5  B ?   ~
 6   B   K@  6  B       n@       ? ? 
 6  C ?   ? 
 6  B ?   ? 
 6  B "   ~
 7   B  €K@  7  B       o@       ? ? 
 7  C ?   ? 
 7  B ?   ? 
 7  B l     8   B       L@       8   8  B      p@       ? 
 8  C ?   ? 
 8  B ?   ? 
 8  B `     9   B       L@       8   9  B      p@       ? 
 9  C ?   ? 
 9  B ?   ? 
 9  B %   ~
 :   B   M@  :  B      pp@       ? 
 :  C ?   ? 
 :  B ?   ? 
 :  B %   ~
 ;   B  €M@  ;  B      爌@       
? 
 ;  C ?   ? 
 ;  B ?   ? 
 ;  B .   ~
 <   B   N@  <  B      纏@       ? 
 <  C ?   ? 
 <  B ?   ? 
 <  B    ~
 =   B  €N@  =  B      餻@       ? 
 =  C ?   ? 
 =  B ?   ? 
 =  B ?   ~
 >   B   O@  >  B       q@       ? 
 >  C ?   ? 
 >  B ?   ? 
 >  B ?     ?   B      €O@       ?   ?  B      @q@       ? 
 ?  C ?   ? 
 ?  B ?   ? 
 ?  B [   ? D z  ld d @ @ U @ d d U U U @ d d d d U U @ d d U U U d d U U U U U  @    G       A    U       B    U       C    9       D    9       E    9       F    G       G    G       H    9       I    U       J    9       K    9       L    U       M    c       N    G       O    9       P    c       Q    9       R           S    G       T    9       U    G       V    G       W    U       X    G       Y    G       Z    9       [    G       \    c       ]    G       ^    9       _    G        @   B      €O@       ?   @  B      @q@       ? 
 @  C ?   ? 
 @  B ?   ? 
 @  B ?   ~
 A   B  @P@  A  B      衠@       ? 
 A  C ?   ? 
 A  B ?   ? 
 A  B    ~
 B   B  €P@  B  B      餼@       ? 
 B  B ?   ? 
 B  B    ? 
 B  B    ~
 C   B  繮@  C  B      Pr@       %? 
 C  C ?   ? 
 C  B    ? 
 C  B      D   B       Q@       D   D  B      恟@       )? 
 D  C ?   ? 
 D  B ?   ? 
 D  B ?     E   B       Q@       D   E  B      恟@       )? 
 E  C ?   ? 
 E  B ?   ? 
 E  B ?   ~
 F   B  €Q@  F  B      餽@       /? 
 F  C ?   ? 
 F  B ?   ? 
 F  B `   ?  G   B  繯@B  s@ ? 
 G  C ?   ? 
 G  B ?   ? 
 G  B |   ~
 H   B   R@  H  B       s@       2? 
 H  C ?   ? 
 H  B ?   ? 
 H  B ?   ~
 I   B  @R@  I  B      恠@       9? 
 I  C ?   ? 
 I  B ?   ? 
 I  B ?   ~
 J   B  €R@  J  B      纒@       <? 
 J  C ?   ? 
 J  B ?   ? 
 J  B ?   ~
 K   B  繰@  K  B       t@       @? 
 K  C ?   ? 
 K  B    ? 
 K  B    ~
 L   B   S@  L  B      @t@       D? 
 L  C ?   ? 
 L  B ?   ? 
 L  B    ~
 M   B  @S@  M  B      `t@       F? 
 M  C ?   ? 
 M  B ?   ? 
 M  B 4     N   B      €S@      N   ? N P      N   N  B      €t@      N  ? N P    H? 
 N  C ?   ? 
 N  B ?   ? 
 N  B      O   B      €S@      N     O  B      €t@      N  ? 
 O  C ?   ? 
 O  B ?   ? 
 O  B =     P   B      €S@      N     P  B      €t@      N  ? 
 P  C ?   ? 
 P  B U   ? 
 P  B `     Q   B      @T@       Q   Q  B      鄑@       N? 
 Q  C ?   ? 
 Q  B ?   ? 
 Q  B `     R   B      @T@       Q   R  B      鄑@       N? 
 R  C ?   ? 
 R  B ?   ? 
 R  B    ~
 S   B  繲@  S  B      0u@       S? 
 S  C ?   ? 
 S  B ?   ? 
 S  B 
   ~
 T   B   U@  T  B      皍@       [? 
 T  C ?   ? 
 T  B ?   ? 
 T  B    ~
 U   B  @U@  U  B       v@       `? 
 U  C ?   ? 
 U  B ?   ? 
 U  B ?     V   B      €U@       V   V  B      `v@       f? 
 V  B ?   ? 
 V  B ?   ? 
 V  B ?     W   B      €U@       V   W  B      `v@       f? 
 W  C ?   ? 
 W  B ?   ? 
 W  B    ~
 X   B   V@  X  B      饁@       o? 
 X  C ?   ? 
 X  B ?   ? 
 X  B r     Y   B      @V@       Y   Y  B      @w@       t? 
 Y  C ?   ? 
 Y  B ?   ? 
 Y  B      Z   B      @V@       Y   Z  B      @w@       t? 
 Z  C ?   ? 
 Z  B g   ? 
 Z  B ?   ~
 [   B  繴@  [  B      纖@       |? 
 [  C ?   ? 
 [  B ?   ? 
 [  B ?   ?  \   B   W@B  Px@ ? 
 \  C ?   ? 
 \  B ?   ? 
 \  B    ~
 ]   B  @W@  ]  B      `x@       ?? 
 ]  C ?   ? 
 ]  B    ? 
 ]  B ?   ~
 ^   B  €W@  ^  B      纗@       ?? 
 ^  C ?   ? 
 ^  B ?   ? 
 ^  B (   ~
 _   B  繵@  _  B      0y@       ?? 
 _  B ?   ? 
 _  B ?   ? 
 _  B K   ? D ?  ld U U U d d U @ U U U U U U ? h h d d U U U d d U d d U @ U U  `    G       a    c       b    9       c    c       d    c       e    9       f    9      ~
 `   B   X@  `  B      `y@       ?? 
 `  C ?   ? 
 `  B ?   ? 
 `  B =   ~
 a   B  @X@  a  B      纘@       ?? 
 a  C ?   ? 
 a  B ?   ? 
 a  B c   ~
 b   B  €X@  b  B      鄖@       ?? 
 b  C ?   ? 
 b  B ?   ? 
 b  B ?     c   B      繶@      c   ? c f      c   c  B       z@      c  ? c f    ?? 
 c  C ?   ? 
 c  B ?   ? 
 c  B ?     d   B      繶@      c     d  B       z@      c  ? 
 d  C ?   ? 
 d  B ?   ? 
 d  B 
     e   B      繶@      c     e  B       z@      c  ? 
 e  C ?   ? 
 e  B ?   ? 
 e  B      f   B      繶@      c     f  B       z@      c  ? 
 f  C ?   ? 
 f  B ?   ? 
 f  B `   ?  M  x U U U ? h h > ?    @   d                  f  ?  $	?F    猩陏?寕 ? K?      &   U n i v e r s i t y   o f   C a l i f o r n i a ,   L o s   A n g e l e s   嗌陏?寕 ? K??   h t t p s : / / w w w . t i m e s h i g h e r e d u c a t i o n . c o m / w o r l d - u n i v e r s i t y?   ?   ?   ?   ?   ?   ?   ?   ?   ?   ?   ?   ?   ?   ?   ?   ?   ?   ?   ?   ?   ?   ?   ?   ?   ?   ?   ?   ?   ?   ?   ?   ?   ?   ?   ?   ?   ?   ?   ???   ?   ?? - r a n k i n g s / u n i v e r s i t y - c a l i f o r n i a - l o s - a n g e l e s    ?      h t t p s : / / w w w . t i m e s h i g h e r e d u c a t i o n . c o m / w o r l d - u n i v e r s i t y - r a n k i n g s / u n i v e r s i t y - c a l i f o r n i a - l o s - a n g e l e s   ?    猩陏?寕 ? K?         U n i v e r s i t y   o f   M i c h i g a n   嗌陏?寕 ? K??   h t t p s : / / w w w . t i m e s h i g h e r e d u c a t i o n . c o m / w o r l d - u n i v e r s i t y - r a n k i n g s / u n i v e r s i t y - m i c h i g a n    ?      h t t p s : / / w w w . t i m e s h i g h e r e d u c a t i o n . c o m / w o r l d - u n i v e r s i t y - r a n k i n g s / u n i v e r s i t y - m i c h i g a n   ?:    猩陏?寕 ? K?      #   U n i v e r s i t y   o f   C a l i f o r n i a ,   B e r k e l e y   嗌陏?寕 ? K??   h t t p s : / / w w w . t i m e s h i g h e r e d u c a t i o n . c o m / w o r l d - u n i v e r s i t y - r a n k i n g s / u n i v e r s i t y - c a l i f o r n i a - b e r k e l e y    ?      h t t p s : / / w w w . t i m e s h i g h e r e d u c a t i o n . c o m / w o r l d - u n i v e r s i t y - r a n k i n g s / u n i v e r s i t y - c a l i f o r n i a - b e r k e l e y   ?Z    猩陏?寕 ? K?      ,   U n i v e r s i t y   o f   N o r t h   C a r o l i n a   a t   C h a p e l   H i l l   嗌陏?寕 ? K??   h t t p s : / / w w w . t i m e s h i g h e r e d u c a t i o n . c o m / w o r l d - u n i v e r s i t y - r a n k i n g s / u n i v e r s i t y - n o r t h - c a r o l i n a - c h a p e l - h i l l    ?      h t t p s : / / w w w . t i m e s h i g h e r e d u c a t i o n . c o m / w o r l d - u n i v e r s i t y - r a n k i n g s / u n i v e r s i t y - n o r t h - c a r o l i n a - c h a p e l - h i l l   ?.    猩陏?寕 ? K?          U n i v e r s i t y   o f   C a l i f o r n i a ,   D a v i s   嗌陏?寕 ? K??   h t t p s : / / w w w . t i m e s h i g h e r e d u c a t i o n . c o m / w o r l d - u n i v e r s i t y - r a n k i n g s / u n i v e r s i t y - c a l i f o r n i a - d a v i s    ?      h t t p s : / / w w w . t i m e s h i g h e r e d u c a t i o n . c o m / w o r l d - u n i v e r s i t y - r a n k i n g s / u n i v e r s i t y - c a l i f o r n i a - d a v i s   ??     猩陏?寕 ? K?         P u r d u e   U n i v e r s i t y   嗌陏?寕 ? K??   h t t p s : / / w w w . t i m e s h i g h e r e d u c a t i o n . c o m / w o r l d - u n i v e r s i t y - r a n k i n g s / p u r d u e - u n i v e r s i t y    ?      h t t p s : / / w w w . t i m e s h i g h e r e d u c a t i o n . c o m / w o r l d - u n i v e r s i t y - r a n k i n g s / p u r d u e - u n i v e r s i t y   ?>    猩陏?寕 ? K?      $   U n i v e r s i t y   o f   C a l i f o r n i a ,   S a n   D i e g o   嗌陏?寕 ? K??   h t t p s : / / w w w . t i m e s h i g h e r e d u c a t i o n . c o m / w o r l d - u n i v e r s i t y - r a n k i n g s / u n i v e r s i t y - c a l i f o r n i a - s a n - d i e g o    ?      h t t p s : / / w w w . t i m e s h i g h e r e d u c a t i o n . c o m / w o r l d - u n i v e r s i t y - r a n k i n g s / u n i v e r s i t y - c a l i f o r n i a - s a n - d i e g o   ?V    猩陏?寕 ? K?      +   U n i v e r s i t y   o f   I l l i n o i s   a t   U r b a n a - C h a m p a i g n   嗌陏?寕 ? K??   h t t p s : / / w w w . t i m e s h i g h e r e d u c a t i o n . c o m / w o r l d - u n i v e r s i t y - r a n k i n g s / u n i v e r s i t y - i l l i n o i s - u r b a n a - c h a m p a i g n    ?      h t t p s : / / w w w . t i m e s h i g h e r e d u c a t i o n . c o m / w o r l d - u n i v e r s i t y - r a n k i n g s / u n i v e r s i t y - i l l i n o i s - u r b a n a - c h a m p a i g n   ?	 	   猩陏?寕 ? K?         U n i v e r s i t y   o f   V i r g i n i a   嗌陏?寕 ? K??   h t t p s : / / w w w . t i m e s h i g h e r e d u c a t i o n . c o m / w o r l d - u n i v e r s i t y - r a n k i n g s / u n i v e r s i t y - v i r g i n i a    ?  	 	   h t t p s : / / w w w . t i m e s h i g h e r e d u c a t i o n . c o m / w o r l d - u n i v e r s i t y - r a n k i n g s / u n i v e r s i t y - v i r g i n i a   ?2
 
   猩陏?寕 ? K?         U n i t e d   S t a t e s   M i l i t a r y   A c a d e m y   嗌陏?寕 ? K??   h t t p s : / / w w w . t i m e s h i g h e r e d u c a t i o n . c o m / w o r l d - u n i v e r s i t y - r a n k i n g s / u n i t e d - s t a t e s - m i l i t a r y - a c a d e m y    ?  
 
   h t t p s : / / w w w . t i m e s h i g h e r e d u c a t i o n . c o m / w o r l d - u n i v e r s i t y - r a n k i n g s / u n i t e d - s t a t e s - m i l i t a r y - a c a d e m y   ?0    猩陏?寕 ? K?          G e o r g i a   I n s t i t u t e   o f   T e c h n o l o g y   嗌陏?寕 ? K??   h t t p s : / / w w w . t i m e s h i g h e r e d u c a t i o n . c o m / w o r l d - u n i v e r s i t y - r a n k i n g s / g e o r g i a - i n s t i t u t e - t e c h n o l o g y    ?      h t t p s : / / w w w . t i m e s h i g h e r e d u c a t i o n . c o m / w o r l d - u n i v e r s i t y - r a n k i n g s / g e o r g i a - i n s t i t u t e - t e c h n o l o g y   ?    猩陏?寕 ? K?         U n i v e r s i t y   o f   W a s h i n g t o n   嗌陏?寕 ? K??   h t t p s : / / w w w . t i m e s h i g h e r e d u c a t i o n . c o m / w o r l d - u n i v e r s i t y - r a n k i n g s / u n i v e r s i t y - w a s h i n g t o n - 0    ?      h t t p s : / / w w w . t i m e s h i g h e r e d u c a t i o n . c o m / w o r l d - u n i v e r s i t y - r a n k i n g s / u n i v e r s i t y - w a s h i n g t o n - 0   ?"    猩陏?寕 ? K?         U n i v e r s i t y   o f   T e x a s   a t   A u s t i n   嗌陏?寕 ? K??   h t t p s : / / w w w . t i m e s h i g h e r e d u c a t i o n . c o m / w o r l d - u n i v e r s i t y - r a n k i n g s / u n i v e r s i t y - t e x a s - a u s t i n    ?      h t t p s : / / w w w . t i m e s h i g h e r e d u c a t i o n . c o m / w o r l d - u n i v e r s i t y - r a n k i n g s / u n i v e r s i t y - t e x a s - a u s t i n   ?0    猩陏?寕 ? K?          U n i v e r s i t y   o f   W i s c o n s i n - M a d i s o n   嗌陏?寕 ? K??   h t t p s : / / w w w . t i m e s h i g h e r e d u c a t i o n . c o m / w o r l d - u n i v e r s i t y - r a n k i n g s / u n i v e r s i t y - w i s c o n s i n - m a d i s o n    ?      h t t p s : / / w w w . t i m e s h i g h e r e d u c a t i o n . c o m / w o r l d - u n i v e r s i t y - r a n k i n g s / u n i v e r s i t y - w i s c o n s i n - m a d i s o n   ?    猩陏?寕 ? K?         U n i v e r s i t y   o f   F l o r i d a   嗌陏?寕 ? K??   h t t p s : / / w w w . t i m e s h i g h e r e d u c a t i o n . c o m / w o r l d - u n i v e r s i t y - r a n k i n g s / u n i v e r s i t y - f l o r i d a    ?      h t t p s : / / w w w . t i m e s h i g h e r e d u c a t i o n . c o m / w o r l d - u n i v e r s i t y - r a n k i n g s / u n i v e r s i t y - f l o r i d a   ?    猩陏?寕 ? K?         U n i v e r s i t y   o f   P i t t s b u r g h   嗌陏?寕 ? K??   h t t p s : / / w w w . t i m e s h i g h e r e d u c a t i o n . c o m / w o r l d - u n i v e r s i t y - r a n k i n g s / u n i v e r s i t y - p i t t s b u r g h    ?      h t t p s : / / w w w . t i m e s h i g h e r e d u c a t i o n . c o m / w o r l d - u n i v e r s i t y - r a n k i n g s / u n i v e r s i t y - p i t t s b u r g h   ?B    猩陏?寕 ? K?      %   U n i v e r s i t y   o f   M a r y l a n d ,   C o l l e g e   P a r k   嗌陏?寕 ? K??   h t t p s : / / w w w . t i m e s h i g h e r e d u c a t i o n . c o m / w o r l d - u n i v e r s i t y - r a n k i n g s / u n i v e r s i t y - m a r y l a n d - c o l l e g e - p a r k    ?      h t t p s : / / w w w . t i m e s h i g h e r e d u c a t i o n . c o m / w o r l d - u n i v e r s i t y - r a n k i n g s / u n i v e r s i t y - m a r y l a n d - c o l l e g e - p a r k   ?N    猩陏?寕 ? K?      (   U n i v e r s i t y   o f   C a l i f o r n i a ,   S a n t a   B a r b a r a   嗌陏?寕 ? K??   h t t p s : / / w w w . t i m e s h i g h e r e d u c a t i o n . c o m / w o r l d - u n i v e r s i t y - r a n k i n g s / u n i v e r s i t y - c a l i f o r n i a - s a n t a - b a r b a r a    ?      h t t p s : / / w w w . t i m e s h i g h e r e d u c a t i o n . c o m / w o r l d - u n i v e r s i t y - r a n k i n g s / u n i v e r s i t y - c a l i f o r n i a - s a n t a - b a r b a r a   ?     猩陏?寕 ? K?         W i l l i a m   &   M a r y   嗌陏?寕 ? K??   h t t p s : / / w w w . t i m e s h i g h e r e d u c a t i o n . c o m / w o r l d - u n i v e r s i t y - r a n k i n g s / w i l l i a m - m a r y      r a n k i n g - d a t a s e t / 6 3 4 8 3 0   ?    猩陏?寕 ? K?         M i c h i g a n   S t a t e   U n i v e r s i t y   嗌陏?寕 ? K??   h t t p s : / / w w w . t i m e s h i g h e r e d u c a t i o n . c o m / w o r l d - u n i v e r s i t y - r a n k i n g s / m i c h i g a n - s t a t e - u n i v e r s i t y    ?      h t t p s : / / w w w . t i m e s h i g h e r e d u c a t i o n . c o m / w o r l d - u n i v e r s i t y - r a n k i n g s / m i c h i g a n - s t a t e - u n i v e r s i t y   ?    猩陏?寕 ? K?         O h i o   S t a t e   U n i v e r s i t y   嗌陏?寕 ? K??   h t t p s : / / w w w . t i m e s h i g h e r e d u c a t i o n . c o m / w o r l d - u n i v e r s i t y - r a n k i n g s / o h i o - s t a t e - u n i v e r s i t y    ?      h t t p s : / / w w w . t i m e s h i g h e r e d u c a t i o n . c o m / w o r l d - u n i v e r s i t y - r a n k i n g s / o h i o - s t a t e - u n i v e r s i t y   ?    猩陏?寕 ? K?         T e x a s   A & M   U n i v e r s i t y   嗌陏?寕 ? K??   h t t p s : / / w w w . t i m e s h i g h e r e d u c a t i o n . c o m / w o r l d - u n i v e r s i t y - r a n k i n g s / t e x a s - a m - u n i v e r s i t y    ?      h t t p s : / / w w w . t i m e s h i g h e r e d u c a t i o n . c o m / w o r l d - u n i v e r s i t y - r a n k i n g s / t e x a s - a m - u n i v e r s i t y   ?    猩陏?寕 ? K?         U n i v e r s i t y   o f   C o n n e c t i c u t   嗌陏?寕 ? K??   h t t p s : / / w w w . t i m e s h i g h e r e d u c a t i o n . c o m / w o r l d - u n i v e r s i t y - r a n k i n g s / u n i v e r s i t y - c o n n e c t i c u t    ?      h t t p s : / / w w w . t i m e s h i g h e r e d u c a t i o n . c o m / w o r l d - u n i v e r s i t y - r a n k i n g s / u n i v e r s i t y - c o n n e c t i c u t   ?2    猩陏?寕 ? K?      !   U n i v e r s i t y   o f   C a l i f o r n i a ,   I r v i n e   嗌陏?寕 ? K??   h t t p s : / / w w w . t i m e s h i g h e r e d u c a t i o n . c o m / w o r l d - u n i v e r s i t y - r a n k i n g s / u n i v e r s i t y - c a l i f o r n i a - i r v i n e    ?      h t t p s : / / w w w . t i m e s h i g h e r e d u c a t i o n . c o m / w o r l d - u n i v e r s i t y - r a n k i n g s / u n i v e r s i t y - c a l i f o r n i a - i r v i n e   ?.    猩陏?寕 ? K?         P e n n s y l v a n i a   S t a t e   U n i v e r s i t y   嗌陏?寕 ? K??   h t t p s : / / w w w . t i m e s h i g h e r e d u c a t i o n . c o m / w o r l d - u n i v e r s i t y - r a n k i n g s / p e n n s y l v a n i a - s t a t e - u n i v e r s i t y    ?      h t t p s : / / w w w . t i m e s h i g h e r e d u c a t i o n . c o m / w o r l d - u n i v e r s i t y - r a n k i n g s / p e n n s y l v a n i a - s t a t e - u n i v e r s i t y   ??    猩陏?寕 ? K?      4   V i r g i n i a   P o l y t e c h n i c   I n s t i t u t e   a n d   S t a t e   U n i v e r s i t y   嗌陏?寕 ? K??   h t t p s : / / w w w . t i m e s h i g h e r e d u c a t i o n . c o m / w o r l d - u n i v e r s i t y - r a n k i n g s / v i r g i n i a - p o l y t e c h n i c - i n s t i t u t e - a n d - s t a t e - u n i v e r s i t y    ?      h t t p s : / / w w w . t i m e s h i g h e r e d u c a t i o n . c o m / w o r l d - u n i v e r s i t y - r a n k i n g s / v i r g i n i a - p o l y t e c h n i c - i n s t i t u t e - a n d - s t a t e - u n i v e r s i t y   ?,    猩陏?寕 ? K?      $   U n i v e r s i t y   o f   M i n n e s o t a   T w i n   C i t i e s   嗌陏?寕 ? K??   h t t p s : / / w w w . t i m e s h i g h e r e d u c a t i o n . c o m / w o r l d - u n i v e r s i t y - r a n k i n g s / u n i v e r s i t y - m i n n e s o t a - 0    ?      h t t p s : / / w w w . t i m e s h i g h e r e d u c a t i o n . c o m / w o r l d - u n i v e r s i t y - r a n k i n g s / u n i v e r s i t y - m i n n e s o t a - 0   ?    猩陏?寕 ? K?         U n i v e r s i t y   a t   B u f f a l o   嗌陏?寕 ? K??   h t t p s : / / w w w . t i m e s h i g h e r e d u c a t i o n . c o m / w o r l d - u n i v e r s i t y - r a n k i n g s / u n i v e r s i t y - b u f f a l o    ?      h t t p s : / / w w w . t i m e s h i g h e r e d u c a t i o n . c o m / w o r l d - u n i v e r s i t y - r a n k i n g s / u n i v e r s i t y - b u f f a l o   ?2    猩陏?寕 ? K?      "   U n i v e r s i t y   o f   I l l i n o i s   a t   C h i c a g o   嗌陏?寕 ? K??   h t t p s : / / w w w . t i m e s h i g h e r e d u c a t i o n . c o m / w o r l d - u n i v e r s i t y - r a n k i n g s / u n i v e r s i t y - i l l i n o i s - c h i c a g o    ?      h t t p s : / / w w w . t i m e s h i g h e r e d u c a t i o n . c o m / w o r l d - u n i v e r s i t y - r a n k i n g s / u n i v e r s i t y - i l l i n o i s - c h i c a g o   ?6    猩陏?寕 ? K?          N o r t h   C a r o l i n a   S t a t e   U n i v e r s i t y   嗌陏?寕 ? K??   h t t p s : / / w w w . t i m e s h i g h e r e d u c a t i o n . c o m / w o r l d - u n i v e r s i t y - r a n k i n g s / n o r t h - c a r o l i n a - s t a t e - u n i v e r s i t y    ?      h t t p s : / / w w w . t i m e s h i g h e r e d u c a t i o n . c o m / w o r l d - u n i v e r s i t y - r a n k i n g s / n o r t h - c a r o l i n a - s t a t e - u n i v e r s i t y   ?    猩陏?寕 ? K?         S t o n y   B r o o k   U n i v e r s i t y   嗌陏?寕 ? K??   h t t p s : / / w w w . t i m e s h i g h e r e d u c a t i o n . c o m / w o r l d - u n i v e r s i t y - r a n k i n g s / s t o n y - b r o o k - u n i v e r s i t y    ?      h t t p s : / / w w w . t i m e s h i g h e r e d u c a t i o n . c o m / w o r l d - u n i v e r s i t y - r a n k i n g s / s t o n y - b r o o k - u n i v e r s i t y   ?      猩陏?寕 ? K?         U n i v e r s i t y   o f   D e l a w a r e   嗌陏?寕 ? K??   h t t p s : / / w w w . t i m e s h i g h e r e d u c a t i o n . c o m / w o r l d - u n i v e r s i t y - r a n k i n g s / u n i v e r s i t y - d e l a w a r e    ?        h t t p s : / / w w w . t i m e s h i g h e r e d u c a t i o n . c o m / w o r l d - u n i v e r s i t y - r a n k i n g s / u n i v e r s i t y - d e l a w a r e   ?6! !   猩陏?寕 ? K?      !   I n d i a n a   U n i v e r s i t y   ( B l o o m i n g t o n )   嗌陏?寕 ? K??   h t t p s : / / w w w . t i m e s h i g h e r e d u c a t i o n . c o m / w o r l d - u n i v e r s i t y - r a n k i n g s / i n d i a n a - u n i v e r s i t y - b l o o m i n g t o n    ?  ! !   h t t p s : / / w w w . t i m e s h i g h e r e d u c a t i o n . c o m / w o r l d - u n i v e r s i t y - r a n k i n g s / i n d i a n a - u n i v e r s i t y - b l o o m i n g t o n   ?? " "   猩陏?寕 ? K?         U n i v e r s i t y   o f   I o w a   嗌陏?寕 ? K??   h t t p s : / / w w w . t i m e s h i g h e r e d u c a t i o n . c o m / w o r l d - u n i v e r s i t y - r a n k i n g s / u n i v e r s i t y - i o w a    ?  " "   h t t p s : / / w w w . t i m e s h i g h e r e d u c a t i o n . c o m / w o r l d - u n i v e r s i t y - r a n k i n g s / u n i v e r s i t y - i o w a   ?># #   猩陏?寕 ? K?      "   M i c h i g a n   T e c h n o l o g i c a l   U n i v e r s i t y   嗌陏?寕 ? K??   h t t p s : / / w w w . t i m e s h i g h e r e d u c a t i o n . c o m / w o r l d - u n i v e r s i t y - r a n k i n g s / m i c h i g a n - t e c h n o l o g i c a l - u n i v e r s i t y    ?  # #   h t t p s : / / w w w . t i m e s h i g h e r e d u c a t i o n . c o m / w o r l d - u n i v e r s i t y - r a n k i n g s / m i c h i g a n - t e c h n o l o g i c a l - u n i v e r s i t y   ?Z$ $   猩陏?寕 ? K?      ,   R u t g e r s ,   t h e   S t a t e   U n i v e r s i t y   o f   N e w   J e r s e y   嗌陏?寕 ? K??   h t t p s : / / w w w . t i m e s h i g h e r e d u c a t i o n . c o m / w o r l d - u n i v e r s i t y - r a n k i n g s / r u t g e r s - s t a t e - u n i v e r s i t y - n e w - j e r s e y - 0    ?  $ $   h t t p s : / / w w w . t i m e s h i g h e r e d u c a t i o n . c o m / w o r l d - u n i v e r s i t y - r a n k i n g s / r u t g e r s - s t a t e - u n i v e r s i t y - n e w - j e r s e y - 0   ?@% %   猩陏?寕 ? K?      $   U n i v e r s i t y   o f   M a s s a c h u s e t t s   A m h e r s t   嗌陏?寕 ? K??   h t t p s : / / w w w . t i m e s h i g h e r e d u c a t i o n . c o m / w o r l d - u n i v e r s i t y - r a n k i n g s / u n i v e r s i t y - m a s s a c h u s e t t s - a m h e r s t    ?  % %   h t t p s : / / w w w . t i m e s h i g h e r e d u c a t i o n . c o m / w o r l d - u n i v e r s i t y - r a n k i n g s / u n i v e r s i t y - m a s s a c h u s e t t s - a m h e r s t   ?? & &   猩陏?寕 ? K?         T e m p l e   U n i v e r s i t y   嗌陏?寕 ? K??   h t t p s : / / w w w . t i m e s h i g h e r e d u c a t i o n . c o m / w o r l d - u n i v e r s i t y - r a n k i n g s / t e m p l e - u n i v e r s i t y    ?  & &   h t t p s : / / w w w . t i m e s h i g h e r e d u c a t i o n . c o m / w o r l d - u n i v e r s i t y - r a n k i n g s / t e m p l e - u n i v e r s i t y   ?&' '   猩陏?寕 ? K?         V i r g i n i a   M i l i t a r y   I n s t i t u t e   嗌陏?寕 ? K??   h t t p s : / / w w w . t i m e s h i g h e r e d u c a t i o n . c o m / w o r l d - u n i v e r s i t y - r a n k i n g s / v i r g i n i a - m i l i t a r y - i n s t i t u t e    ?  ' '   h t t p s : / / w w w . t i m e s h i g h e r e d u c a t i o n . c o m / w o r l d - u n i v e r s i t y - r a n k i n g s / v i r g i n i a - m i l i t a r y - i n s t i t u t e   ?~( (   猩陏?寕 ? K?      4   B i n g h a m t o n   U n i v e r s i t y ,   S t a t e   U n i v e r s i t y   o f   N e w   Y o r k   嗌陏?寕 ? K??   h t t p s : / / w w w . t i m e s h i g h e r e d u c a t i o n . c o m / w o r l d - u n i v e r s i t y - r a n k i n g s / b i n g h a m t o n - u n i v e r s i t y - s t a t e - u n i v e r s i t y - n e w - y o r k    ?  ( (   h t t p s : / / w w w . t i m e s h i g h e r e d u c a t i o n . c o m / w o r l d - u n i v e r s i t y - r a n k i n g s / b i n g h a m t o n - u n i v e r s i t y - s t a t e - u n i v e r s i t y - n e w - y o r k   ?) )   猩陏?寕 ? K?         C o l o r a d o   S c h o o l   o f   M i n e s   嗌陏?寕 ? K??   h t t p s : / / w w w . t i m e s h i g h e r e d u c a t i o n . c o m / w o r l d - u n i v e r s i t y - r a n k i n g s / c o l o r a d o - s c h o o l - m i n e s    ?  ) )   h t t p s : / / w w w . t i m e s h i g h e r e d u c a t i o n . c o m / w o r l d - u n i v e r s i t y - r a n k i n g s / c o l o r a d o - s c h o o l - m i n e s   ?? * *   猩陏?寕 ? K?         U n i v e r s i t y   o f   U t a h   嗌陏?寕 ? K??   h t t p s : / / w w w . t i m e s h i g h e r e d u c a t i o n . c o m / w o r l d - u n i v e r s i t y - r a n k i n g s / u n i v e r s i t y - u t a h    ?  * *   h t t p s : / / w w w . t i m e s h i g h e r e d u c a t i o n . c o m / w o r l d - u n i v e r s i t y - r a n k i n g s / u n i v e r s i t y - u t a h   ?+ +   猩陏?寕 ? K?         U n i v e r s i t y   o f   O k l a h o m a   嗌陏?寕 ? K??   h t t p s : / / w w w . t i m e s h i g h e r e d u c a t i o n . c o m / w o r l d - u n i v e r s i t y - r a n k i n g s / u n i v e r s i t y - o k l a h o m a    ?  + +   h t t p s : / / w w w . t i m e s h i g h e r e d u c a t i o n . c o m / w o r l d - u n i v e r s i t y - r a n k i n g s / u n i v e r s i t y - o k l a h o m a   ??, ,   猩陏?寕 ? K?      9   C a l i f o r n i a   P o l y t e c h n i c   S t a t e   U n i v e r s i t y ,   S a n   L u i s   O b i s p o   嗌陏?寕 ? K??   h t t p s : / / w w w . t i m e s h i g h e r e d u c a t i o n . c o m / w o r l d - u n i v e r s i t y - r a n k i n g s / c a l i f o r n i a - p o l y t e c h n i c - s t a t e - u n i v e r s i t y - s a n - l u i s - o b i s p o    ?  , ,   h t t p s : / / w w w . t i m e s h i g h e r e d u c a t i o n . c o m / w o r l d - u n i v e r s i t y - r a n k i n g s / c a l i f o r n i a - p o l y t e c h n i c - s t a t e - u n i v e r s i t y - s a n - l u i s - o b i s p o   ?>- -   猩陏?寕 ? K?      $   U n i v e r s i t y   o f   C a l i f o r n i a ,   R i v e r s i d e   嗌陏?寕 ? K??   h t t p s : / / w w w . t i m e s h i g h e r e d u c a t i o n . c o m / w o r l d - u n i v e r s i t y - r a n k i n g s / u n i v e r s i t y - c a l i f o r n i a - r i v e r s i d e    ?  - -   h t t p s : / / w w w . t i m e s h i g h e r e d u c a t i o n . c o m / w o r l d - u n i v e r s i t y - r a n k i n g s / u n i v e r s i t y - c a l i f o r n i a - r i v e r s i d e   ?. .   猩陏?寕 ? K?         U n i v e r s i t y   o f   A r i z o n a   嗌陏?寕 ? K??   h t t p s : / / w w w . t i m e s h i g h e r e d u c a t i o n . c o m / w o r l d - u n i v e r s i t y - r a n k i n g s / u n i v e r s i t y - a r i z o n a    ?  . .   h t t p s : / / w w w . t i m e s h i g h e r e d u c a t i o n . c o m / w o r l d - u n i v e r s i t y - r a n k i n g s / u n i v e r s i t y - a r i z o n a   ?/ /   猩陏?寕 ? K?         C l e m s o n   U n i v e r s i t y   嗌陏?寕 ? K??   h t t p s : / / w w w . t i m e s h i g h e r e d u c a t i o n . c o m / w o r l d - u n i v e r s i t y - r a n k i n g s / c l e m s o n - u n i v e r s i t y    ?  / /   h t t p s : / / w w w . t i m e s h i g h e r e d u c a t i o n . c o m / w o r l d - u n i v e r s i t y - r a n k i n g s / c l e m s o n - u n i v e r s i t y   ?&0 0   猩陏?寕 ? K?         W a s h i n g t o n   S t a t e   U n i v e r s i t y   嗌陏?寕 ? K??   h t t p s : / / w w w . t i m e s h i g h e r e d u c a t i o n . c o m / w o r l d - u n i v e r s i t y - r a n k i n g s / w a s h i n g t o n - s t a t e - u n i v e r s i t y    ?  0 0   h t t p s : / / w w w . t i m e s h i g h e r e d u c a t i o n . c o m / w o r l d - u n i v e r s i t y - r a n k i n g s / w a s h i n g t o n - s t a t e - u n i v e r s i t y   ?1 1   猩陏?寕 ? K?         A r i z o n a   S t a t e   U n i v e r s i t y   嗌陏?寕 ? K??   h t t p s : / / w w w . t i m e s h i g h e r e d u c a t i o n . c o m / w o r l d - u n i v e r s i t y - r a n k i n g s / a r i z o n a - s t a t e - u n i v e r s i t y - 2    ?  1 1   h t t p s : / / w w w . t i m e s h i g h e r e d u c a t i o n . c o m / w o r l d - u n i v e r s i t y - r a n k i n g s / a r i z o n a - s t a t e - u n i v e r s i t y - 2   ?,2 2   猩陏?寕 ? K?         U n i v e r s i t y   o f   C o l o r a d o   B o u l d e r   嗌陏?寕 ? K??   h t t p s : / / w w w . t i m e s h i g h e r e d u c a t i o n . c o m / w o r l d - u n i v e r s i t y - r a n k i n g s / u n i v e r s i t y - c o l o r a d o - b o u l d e r    ?  2 2   h t t p s : / / w w w . t i m e s h i g h e r e d u c a t i o n . c o m / w o r l d - u n i v e r s i t y - r a n k i n g s / u n i v e r s i t y - c o l o r a d o - b o u l d e r   ?3 3   猩陏?寕 ? K?         G e o r g e   M a s o n   U n i v e r s i t y   嗌陏?寕 ? K??   h t t p s : / / w w w . t i m e s h i g h e r e d u c a t i o n . c o m / w o r l d - u n i v e r s i t y - r a n k i n g s / g e o r g e - m a s o n - u n i v e r s i t y    ?  3 3   h t t p s : / / w w w . t i m e s h i g h e r e d u c a t i o n . c o m / w o r l d - u n i v e r s i t y - r a n k i n g s / g e o r g e - m a s o n - u n i v e r s i t y   ?4 4   猩陏?寕 ? K?         R u t g e r s   U n i v e r s i t y - N e w a r k   嗌陏?寕 ? K??   h t t p s : / / w w w . t i m e s h i g h e r e d u c a t i o n . c o m / w o r l d - u n i v e r s i t y - r a n k i n g s / r u t g e r s - u n i v e r s i t y - n e w a r k    ?  4 4   h t t p s : / / w w w . t i m e s h i g h e r e d u c a t i o n . c o m / w o r l d - u n i v e r s i t y - r a n k i n g s / r u t g e r s - u n i v e r s i t y - n e w a r k   ?h5 5   猩陏?寕 ? K?      .   M i s s o u r i   U n i v e r s i t y   o f   S c i e n c e   a n d   T e c h n o l o g y   嗌陏?寕 ? K??   h t t p s : / / w w w . t i m e s h i g h e r e d u c a t i o n . c o m / w o r l d - u n i v e r s i t y - r a n k i n g s / m i s s o u r i - u n i v e r s i t y - s c i e n c e - a n d - t e c h n o l o g y    ?  5 5   h t t p s : / / w w w . t i m e s h i g h e r e d u c a t i o n . c o m / w o r l d - u n i v e r s i t y - r a n k i n g s / m i s s o u r i - u n i v e r s i t y - s c i e n c e - a n d - t e c h n o l o g y   ?6 6   猩陏?寕 ? K?         U n i v e r s i t y   o f   G e o r g i a   嗌陏?寕 ? K??   h t t p s : / / w w w . t i m e s h i g h e r e d u c a t i o n . c o m / w o r l d - u n i v e r s i t y - r a n k i n g s / u n i v e r s i t y - g e o r g i a - 0    ?  6 6   h t t p s : / / w w w . t i m e s h i g h e r e d u c a t i o n . c o m / w o r l d - u n i v e r s i t y - r a n k i n g s / u n i v e r s i t y - g e o r g i a - 0   ?(7 7   猩陏?寕 ? K?         U n i v e r s i t y   o f   C o l o r a d o   D e n v e r   嗌陏?寕 ? K??   h t t p s : / / w w w . t i m e s h i g h e r e d u c a t i o n . c o m / w o r l d - u n i v e r s i t y - r a n k i n g s / u n i v e r s i t y - c o l o r a d o - d e n v e r    ?  7 7   h t t p s : / / w w w . t i m e s h i g h e r e d u c a t i o n . c o m / w o r l d - u n i v e r s i t y - r a n k i n g s / u n i v e r s i t y - c o l o r a d o - d e n v e r   ?8 8   猩陏?寕 ? K?         T h e   C o l l e g e   o f   N e w   J e r s e y   嗌陏?寕 ? K??   h t t p s : / / w w w . t i m e s h i g h e r e d u c a t i o n . c o m / w o r l d - u n i v e r s i t y - r a n k i n g s / c o l l e g e - n e w - j e r s e y    ?  8 8   h t t p s : / / w w w . t i m e s h i g h e r e d u c a t i o n . c o m / w o r l d - u n i v e r s i t y - r a n k i n g s / c o l l e g e - n e w - j e r s e y   ?(9 9   猩陏?寕 ? K?      !   U n i v e r s i t y   o f   W a s h i n g t o n B o t h e l l ?   嗌陏?寕 ? K??   h t t p s : / / w w w . t i m e s h i g h e r e d u c a t i o n . c o m / w o r l d - u n i v e r s i t y - r a n k i n g s / u n i v e r s i t y - w a s h i n g t o n - 0    ?  9 9   h t t p s : / / w w w . t i m e s h i g h e r e d u c a t i o n . c o m / w o r l d - u n i v e r s i t y - r a n k i n g s / u n i v e r s i t y - w a s h i n g t o n - 0   ?0: :   猩陏?寕 ? K?          U n i v e r s i t y   o f   W a s h i n g t o n - T a c o m a   嗌陏?寕 ? K??   h t t p s : / / w w w . t i m e s h i g h e r e d u c a t i o n . c o m / w o r l d - u n i v e r s i t y - r a n k i n g s / u n i v e r s i t y - w a s h i n g t o n - t a c o m a    ?  : :   h t t p s : / / w w w . t i m e s h i g h e r e d u c a t i o n . c o m / w o r l d - u n i v e r s i t y - r a n k i n g s / u n i v e r s i t y - w a s h i n g t o n - t a c o m a   ?; ;   猩陏?寕 ? K?         F l o r i d a   S t a t e   U n i v e r s i t y   嗌陏?寕 ? K??   h t t p s : / / w w w . t i m e s h i g h e r e d u c a t i o n . c o m / w o r l d - u n i v e r s i t y - r a n k i n g s / f l o r i d a - s t a t e - u n i v e r s i t y    ?  ; ;   h t t p s : / / w w w . t i m e s h i g h e r e d u c a t i o n . c o m / w o r l d - u n i v e r s i t y - r a n k i n g s / f l o r i d a - s t a t e - u n i v e r s i t y   ?@< <   猩陏?寕 ? K?      $   S t a t e   U n i v e r s i t y   o f   N e w   Y o r k   A l b a n y   嗌陏?寕 ? K??   h t t p s : / / w w w . t i m e s h i g h e r e d u c a t i o n . c o m / w o r l d - u n i v e r s i t y - r a n k i n g s / s t a t e - u n i v e r s i t y - n e w - y o r k - a l b a n y    ?  < <   h t t p s : / / w w w . t i m e s h i g h e r e d u c a t i o n . c o m / w o r l d - u n i v e r s i t y - r a n k i n g s / s t a t e - u n i v e r s i t y - n e w - y o r k - a l b a n y   ?= =   猩陏?寕 ? K?         U n i v e r s i t y   o f   O r e g o n   嗌陏?寕 ? K??   h t t p s : / / w w w . t i m e s h i g h e r e d u c a t i o n . c o m / w o r l d - u n i v e r s i t y - r a n k i n g s / u n i v e r s i t y - o r e g o n    ?  = =   h t t p s : / / w w w . t i m e s h i g h e r e d u c a t i o n . c o m / w o r l d - u n i v e r s i t y - r a n k i n g s / u n i v e r s i t y - o r e g o n   ?:> >   猩陏?寕 ? K?      $   U n i v e r s i t y   o f   A l a b a m a   a t   B i r m i n g h a m   嗌陏?寕 ? K??   h t t p s : / / w w w . t i m e s h i g h e r e d u c a t i o n . c o m / w o r l d - u n i v e r s i t y - r a n k i n g s / u n i v e r s i t y - a l a b a m a - b i r m i n g h a m    ?  > >   h t t p s : / / w w w . t i m e s h i g h e r e d u c a t i o n . c o m / w o r l d - u n i v e r s i t y - r a n k i n g s / u n i v e r s i t y - a l a b a m a - b i r m i n g h a m   ?? ?   猩陏?寕 ? K?         I o w a   S t a t e   U n i v e r s i t y   嗌陏?寕 ? K??   h t t p s : / / w w w . t i m e s h i g h e r e d u c a t i o n . c o m / w o r l d - u n i v e r s i t y - r a n k i n g s / i o w a - s t a t e - u n i v e r s i t y    ?  ? ?   h t t p s : / / w w w . t i m e s h i g h e r e d u c a t i o n . c o m / w o r l d - u n i v e r s i t y - r a n k i n g s / i o w a - s t a t e - u n i v e r s i t y   ?@ @   猩陏?寕 ? K?         O r e g o n   S t a t e   U n i v e r s i t y   嗌陏?寕 ? K??   h t t p s : / / w w w . t i m e s h i g h e r e d u c a t i o n . c o m / w o r l d - u n i v e r s i t y - r a n k i n g s / o r e g o n - s t a t e - u n i v e r s i t y    ?  @ @   h t t p s : / / w w w . t i m e s h i g h e r e d u c a t i o n . c o m / w o r l d - u n i v e r s i t y - r a n k i n g s / o r e g o n - s t a t e - u n i v e r s i t y   ?BA A   猩陏?寕 ? K?      %   U n i v e r s i t y   o f   C a l i f o r n i a ,   S a n t a   C r u z   嗌陏?寕 ? K??   h t t p s : / / w w w . t i m e s h i g h e r e d u c a t i o n . c o m / w o r l d - u n i v e r s i t y - r a n k i n g s / u n i v e r s i t y - c a l i f o r n i a - s a n t a - c r u z    ?  A A   h t t p s : / / w w w . t i m e s h i g h e r e d u c a t i o n . c o m / w o r l d - u n i v e r s i t y - r a n k i n g s / u n i v e r s i t y - c a l i f o r n i a - s a n t a - c r u z   ?? C C   猩陏?寕 ? K?         C U N Y   C i t y   C o l l e g e   嗌陏?寕 ? K??   h t t p s : / / w w w . t i m e s h i g h e r e d u c a t i o n . c o m / w o r l d - u n i v e r s i t y - r a n k i n g s / c u n y - c i t y - c o l l e g e    ?  C C   h t t p s : / / w w w . t i m e s h i g h e r e d u c a t i o n . c o m / w o r l d - u n i v e r s i t y - r a n k i n g s / c u n y - c i t y - c o l l e g e   ?? D D   猩陏?寕 ? K?         A u b u r n   U n i v e r s i t y   嗌陏?寕 ? K??   h t t p s : / / w w w . t i m e s h i g h e r e d u c a t i o n . c o m / w o r l d - u n i v e r s i t y - r a n k i n g s / a u b u r n - u n i v e r s i t y    ?  D D   h t t p s : / / w w w . t i m e s h i g h e r e d u c a t i o n . c o m / w o r l d - u n i v e r s i t y - r a n k i n g s / a u b u r n - u n i v e r s i t y   ?E E   猩陏?寕 ? K?         U n i v e r s i t y   o f   K a n s a s   嗌陏?寕 ? K??   h t t p s : / / w w w . t i m e s h i g h e r e d u c a t i o n . c o m / w o r l d - u n i v e r s i t y - r a n k i n g s / u n i v e r s i t y - k a n s a s    ?  E E   h t t p s : / / w w w . t i m e s h i g h e r e d u c a t i o n . c o m / w o r l d - u n i v e r s i t y - r a n k i n g s / u n i v e r s i t y - k a n s a s   ?F F   猩陏?寕 ? K?         R u t g e r s   U n i v e r s i t y - C a m d e n   嗌陏?寕 ? K??   h t t p s : / / w w w . t i m e s h i g h e r e d u c a t i o n . c o m / w o r l d - u n i v e r s i t y - r a n k i n g s / r u t g e r s - u n i v e r s i t y - c a m d e n    ?  F F   h t t p s : / / w w w . t i m e s h i g h e r e d u c a t i o n . c o m / w o r l d - u n i v e r s i t y - r a n k i n g s / r u t g e r s - u n i v e r s i t y - c a m d e n   ?$G G   猩陏?寕 ? K?         U n i v e r s i t y   o f   S o u t h   C a r o l i n a   嗌陏?寕 ? K??   h t t p s : / / w w w . t i m e s h i g h e r e d u c a t i o n . c o m / w o r l d - u n i v e r s i t y - r a n k i n g s / u n i v e r s i t y - s o u t h - c a r o l i n a    ?  G G   h t t p s : / / w w w . t i m e s h i g h e r e d u c a t i o n . c o m / w o r l d - u n i v e r s i t y - r a n k i n g s / u n i v e r s i t y - s o u t h - c a r o l i n a   ?H H   猩陏?寕 ? K?         U n i v e r s i t y   o f   V e r m o n t   嗌陏?寕 ? K??   h t t p s : / / w w w . t i m e s h i g h e r e d u c a t i o n . c o m / w o r l d - u n i v e r s i t y - r a n k i n g s / u n i v e r s i t y - v e r m o n t    ?  H H   h t t p s : / / w w w . t i m e s h i g h e r e d u c a t i o n . c o m / w o r l d - u n i v e r s i t y - r a n k i n g s / u n i v e r s i t y - v e r m o n t   ?:I I   猩陏?寕 ? K?      #   U n i v e r s i t y   o f   T e n n e s s e e ,   K n o x v i l l e   嗌陏?寕 ? K??   h t t p s : / / w w w . t i m e s h i g h e r e d u c a t i o n . c o m / w o r l d - u n i v e r s i t y - r a n k i n g s / u n i v e r s i t y - t e n n e s s e e - k n o x v i l l e    ?  I I   h t t p s : / / w w w . t i m e s h i g h e r e d u c a t i o n . c o m / w o r l d - u n i v e r s i t y - r a n k i n g s / u n i v e r s i t y - t e n n e s s e e - k n o x v i l l e   ?J J   猩陏?寕 ? K?         U n i v e r s i t y   o f   W y o m i n g   嗌陏?寕 ? K??   h t t p s : / / w w w . t i m e s h i g h e r e d u c a t i o n . c o m / w o r l d - u n i v e r s i t y - r a n k i n g s / u n i v e r s i t y - w y o m i n g    ?  J J   h t t p s : / / w w w . t i m e s h i g h e r e d u c a t i o n . c o m / w o r l d - u n i v e r s i t y - r a n k i n g s / u n i v e r s i t y - w y o m i n g   ?K K   猩陏?寕 ? K?         C U N Y   H u n t e r   C o l l e g e   嗌陏?寕 ? K??   h t t p s : / / w w w . t i m e s h i g h e r e d u c a t i o n . c o m / w o r l d - u n i v e r s i t y - r a n k i n g s / c u n y - h u n t e r - c o l l e g e    ?  K K   h t t p s : / / w w w . t i m e s h i g h e r e d u c a t i o n . c o m / w o r l d - u n i v e r s i t y - r a n k i n g s / c u n y - h u n t e r - c o l l e g e   ?"L L   猩陏?寕 ? K?         S a n   D i e g o   S t a t e   U n i v e r s i t y   嗌陏?寕 ? K??   h t t p s : / / w w w . t i m e s h i g h e r e d u c a t i o n . c o m / w o r l d - u n i v e r s i t y - r a n k i n g s / s a n - d i e g o - s t a t e - u n i v e r s i t y    ?  L L   h t t p s : / / w w w . t i m e s h i g h e r e d u c a t i o n . c o m / w o r l d - u n i v e r s i t y - r a n k i n g s / s a n - d i e g o - s t a t e - u n i v e r s i t y   ?RM M   猩陏?寕 ? K?      )   U n i v e r s i t y   o f   M a r y l a n d ,   B a l t i m o r e   C o u n t y   嗌陏?寕 ? K??   h t t p s : / / w w w . t i m e s h i g h e r e d u c a t i o n . c o m / w o r l d - u n i v e r s i t y - r a n k i n g s / u n i v e r s i t y - m a r y l a n d - b a l t i m o r e - c o u n t y    ?  M M   h t t p s : / / w w w . t i m e s h i g h e r e d u c a t i o n . c o m / w o r l d - u n i v e r s i t y - r a n k i n g s / u n i v e r s i t y - m a r y l a n d - b a l t i m o r e - c o u n t y   ?N N   猩陏?寕 ? K?         J a m e s   M a d i s o n   U n i v e r s i t y   嗌陏?寕 ? K??   h t t p s : / / w w w . t i m e s h i g h e r e d u c a t i o n . c o m / w o r l d - u n i v e r s i t y - r a n k i n g s / j a m e s - m a d i s o n - u n i v e r s i t y    ?  N N   h t t p s : / / w w w . t i m e s h i g h e r e d u c a t i o n . c o m / w o r l d - u n i v e r s i t y - r a n k i n g s / j a m e s - m a d i s o n - u n i v e r s i t y   ?? O O   猩陏?寕 ? K?         M i a m i   U n i v e r s i t y   嗌陏?寕 ? K??   h t t p s : / / w w w . t i m e s h i g h e r e d u c a t i o n . c o m / w o r l d - u n i v e r s i t y - r a n k i n g s / m i a m i - u n i v e r s i t y    ?  O O   h t t p s : / / w w w . t i m e s h i g h e r e d u c a t i o n . c o m / w o r l d - u n i v e r s i t y - r a n k i n g s / m i a m i - u n i v e r s i t y   ?<P P   猩陏?寕 ? K?      #   N e w   J e r s e y   I n s t i t u t e   o f   T e c h n o l o g y   嗌陏?寕 ? K??   h t t p s : / / w w w . t i m e s h i g h e r e d u c a t i o n . c o m / w o r l d - u n i v e r s i t y - r a n k i n g s / n e w - j e r s e y - i n s t i t u t e - t e c h n o l o g y    ?  P P   h t t p s : / / w w w . t i m e s h i g h e r e d u c a t i o n . c o m / w o r l d - u n i v e r s i t y - r a n k i n g s / n e w - j e r s e y - i n s t i t u t e - t e c h n o l o g y   ?? Q Q   猩陏?寕 ? K?         R o w a n   U n i v e r s i t y   嗌陏?寕 ? K??   h t t p s : / / w w w . t i m e s h i g h e r e d u c a t i o n . c o m / w o r l d - u n i v e r s i t y - r a n k i n g s / r o w a n - u n i v e r s i t y    ?  Q Q   h t t p s : / / w w w . t i m e s h i g h e r e d u c a t i o n . c o m / w o r l d - u n i v e r s i t y - r a n k i n g s / r o w a n - u n i v e r s i t y   ?|R R   猩陏?寕 ? K?      3   S U N Y   C o l l e g e   o f   E n v i r o n m e n t a l   S c i e n c e   a n d   F o r e s t r y   嗌陏?寕 ? K??   h t t p s : / / w w w . t i m e s h i g h e r e d u c a t i o n . c o m / w o r l d - u n i v e r s i t y - r a n k i n g s / s u n y - c o l l e g e - e n v i r o n m e n t a l - s c i e n c e - a n d - f o r e s t r y    ?  R R   h t t p s : / / w w w . t i m e s h i g h e r e d u c a t i o n . c o m / w o r l d - u n i v e r s i t y - r a n k i n g s / s u n y - c o l l e g e - e n v i r o n m e n t a l - s c i e n c e - a n d - f o r e s t r y   ?S S   猩陏?寕 ? K?         W a y n e   S t a t e   U n i v e r s i t y   嗌陏?寕 ? K??   h t t p s : / / w w w . t i m e s h i g h e r e d u c a t i o n . c o m / w o r l d - u n i v e r s i t y - r a n k i n g s / w a y n e - s t a t e - u n i v e r s i t y    ?  S S   h t t p s : / / w w w . t i m e s h i g h e r e d u c a t i o n . c o m / w o r l d - u n i v e r s i t y - r a n k i n g s / w a y n e - s t a t e - u n i v e r s i t y   ?T T   猩陏?寕 ? K?         C U N Y   Q u e e n s   C o l l e g e   嗌陏?寕 ? K??   h t t p s : / / w w w . t i m e s h i g h e r e d u c a t i o n . c o m / w o r l d - u n i v e r s i t y - r a n k i n g s / c u n y - q u e e n s - c o l l e g e    ?  T T   h t t p s : / / w w w . t i m e s h i g h e r e d u c a t i o n . c o m / w o r l d - u n i v e r s i t y - r a n k i n g s / c u n y - q u e e n s - c o l l e g e   ?"U U   猩陏?寕 ? K?         L o u i s i a n a   S t a t e   U n i v e r s i t y   嗌陏?寕 ? K??   h t t p s : / / w w w . t i m e s h i g h e r e d u c a t i o n . c o m / w o r l d - u n i v e r s i t y - r a n k i n g s / l o u i s i a n a - s t a t e - u n i v e r s i t y    ?  U U   h t t p s : / / w w w . t i m e s h i g h e r e d u c a t i o n . c o m / w o r l d - u n i v e r s i t y - r a n k i n g s / l o u i s i a n a - s t a t e - u n i v e r s i t y   ?:W W   猩陏?寕 ? K?      !   V i r g i n i a   C o m m o n w e a l t h   U n i v e r s i t y   嗌陏?寕 ? K??   h t t p s : / / w w w . t i m e s h i g h e r e d u c a t i o n . c o m / w o r l d - u n i v e r s i t y - r a n k i n g s / v i r g i n i a - c o m m o n w e a l t h - u n i v e r s i t y    ?  W W   h t t p s : / / w w w . t i m e s h i g h e r e d u c a t i o n . c o m / w o r l d - u n i v e r s i t y - r a n k i n g s / v i r g i n i a - c o m m o n w e a l t h - u n i v e r s i t y   ?X X   猩陏?寕 ? K?         O k l a h o m a   S t a t e   U n i v e r s i t y   嗌陏?寕 ? K??   h t t p s : / / w w w . t i m e s h i g h e r e d u c a t i o n . c o m / w o r l d - u n i v e r s i t y - r a n k i n g s / o k l a h o m a - s t a t e - u n i v e r s i t y    ?  X X   h t t p s : / / w w w . t i m e s h i g h e r e d u c a t i o n . c o m / w o r l d - u n i v e r s i t y - r a n k i n g s / o k l a h o m a - s t a t e - u n i v e r s i t y   ?Y Y   猩陏?寕 ? K?         I l l i n o i s   S t a t e   U n i v e r s i t y   嗌陏?寕 ? K??   h t t p s : / / w w w . t i m e s h i g h e r e d u c a t i o n . c o m / w o r l d - u n i v e r s i t y - r a n k i n g s / i l l i n o i s - s t a t e - u n i v e r s i t y    ?  Y Y   h t t p s : / / w w w . t i m e s h i g h e r e d u c a t i o n . c o m / w o r l d - u n i v e r s i t y - r a n k i n g s / i l l i n o i s - s t a t e - u n i v e r s i t y   ?Z Z   猩陏?寕 ? K?         U n i v e r s i t y   o f   K e n t u c k y   嗌陏?寕 ? K??   h t t p s : / / w w w . t i m e s h i g h e r e d u c a t i o n . c o m / w o r l d - u n i v e r s i t y - r a n k i n g s / u n i v e r s i t y - k e n t u c k y    ?  Z Z   h t t p s : / / w w w . t i m e s h i g h e r e d u c a t i o n . c o m / w o r l d - u n i v e r s i t y - r a n k i n g s / u n i v e r s i t y - k e n t u c k y   ?$[ [   猩陏?寕 ? K?         U n i v e r s i t y   o f   H a w a i ' i   a t   M n o a   嗌陏?寕 ? K??   h t t p s : / / w w w . t i m e s h i g h e r e d u c a t i o n . c o m / w o r l d - u n i v e r s i t y - r a n k i n g s / u n i v e r s i t y - h a w a i i - m a n o a    ?  [ [   h t t p s : / / w w w . t i m e s h i g h e r e d u c a t i o n . c o m / w o r l d - u n i v e r s i t y - r a n k i n g s / u n i v e r s i t y - h a w a i i - m a n o a   ?V\ \   猩陏?寕 ? K?      (   S o u t h e r n   I l l i n o i s   U n i v e r s i t y   C a r b o n d a l e   嗌陏?寕 ? K??   h t t p s : / / w w w . t i m e s h i g h e r e d u c a t i o n . c o m / w o r l d - u n i v e r s i t y - r a n k i n g s / s o u t h e r n - i l l i n o i s - u n i v e r s i t y - c a r b o n d a l e    ?  \ \   h t t p s : / / w w w . t i m e s h i g h e r e d u c a t i o n . c o m / w o r l d - u n i v e r s i t y - r a n k i n g s / s o u t h e r n - i l l i n o i s - u n i v e r s i t y - c a r b o n d a l e   ?] ]   猩陏?寕 ? K?         U n i v e r s i t y   o f   M i s s i s s i p p i   嗌陏?寕 ? K??   h t t p s : / / w w w . t i m e s h i g h e r e d u c a t i o n . c o m / w o r l d - u n i v e r s i t y - r a n k i n g s / u n i v e r s i t y - m i s s i s s i p p i    ?  ] ]   h t t p s : / / w w w . t i m e s h i g h e r e d u c a t i o n . c o m / w o r l d - u n i v e r s i t y - r a n k i n g s / u n i v e r s i t y - m i s s i s s i p p i   ?^ ^   猩陏?寕 ? K?         U n i v e r s i t y   o f   H o u s t o n   嗌陏?寕 ? K??   h t t p s : / / w w w . t i m e s h i g h e r e d u c a t i o n . c o m / w o r l d - u n i v e r s i t y - r a n k i n g s / u n i v e r s i t y - h o u s t o n    ?  ^ ^   h t t p s : / / w w w . t i m e s h i g h e r e d u c a t i o n . c o m / w o r l d - u n i v e r s i t y - r a n k i n g s / u n i v e r s i t y - h o u s t o n   ?` `   猩陏?寕 ? K?         U n i v e r s i t y   o f   C i n c i n n a t i   嗌陏?寕 ? K??   h t t p s : / / w w w . t i m e s h i g h e r e d u c a t i o n . c o m / w o r l d - u n i v e r s i t y - r a n k i n g s / u n i v e r s i t y - c i n c i n n a t i    ?  ` `   h t t p s : / / w w w . t i m e s h i g h e r e d u c a t i o n . c o m / w o r l d - u n i v e r s i t y - r a n k i n g s / u n i v e r s i t y - c i n c i n n a t i   ?Pa a   猩陏?寕 ? K?      (   M a s s a c h u s e t t s   C o l l e g e   o f   A r t   a n d   D e s i g n   嗌陏?寕 ? K??   h t t p s : / / w w w . t i m e s h i g h e r e d u c a t i o n . c o m / w o r l d - u n i v e r s i t y - r a n k i n g s / m a s s a c h u s e t t s - c o l l e g e - a r t - a n d - d e s i g n    ?  a a   h t t p s : / / w w w . t i m e s h i g h e r e d u c a t i o n . c o m / w o r l d - u n i v e r s i t y - r a n k i n g s / m a s s a c h u s e t t s - c o l l e g e - a r t - a n d - d e s i g n   ?b b   猩陏?寕 ? K?         U n i v e r s i t y   o f   M i s s o u r i   嗌陏?寕 ? K??   h t t p s : / / w w w . t i m e s h i g h e r e d u c a t i o n . c o m / w o r l d - u n i v e r s i t y - r a n k i n g s / u n i v e r s i t y - m i s s o u r i    ?  b b   h t t p s : / / w w w . t i m e s h i g h e r e d u c a t i o n . c o m / w o r l d - u n i v e r s i t y - r a n k i n g s / u n i v e r s i t y - m i s s o u r i   ?:c c   猩陏?寕 ? K?      $   U n i v e r s i t y   o f   A l a b a m a   i n   H u n t s v i l l e   嗌陏?寕 ? K??   h t t p s : / / w w w . t i m e s h i g h e r e d u c a t i o n . c o m / w o r l d - u n i v e r s i t y - r a n k i n g s / u n i v e r s i t y - a l a b a m a - h u n t s v i l l e    ?  c c   h t t p s : / / w w w . t i m e s h i g h e r e d u c a t i o n . c o m / w o r l d - u n i v e r s i t y - r a n k i n g s / u n i v e r s i t y - a l a b a m a - h u n t s v i l l e   ?0d d   猩陏?寕 ? K?          U n i v e r s i t y   o f   M i c h i g a n - D e a r b o r n   嗌陏?寕 ? K??   h t t p s : / / w w w . t i m e s h i g h e r e d u c a t i o n . c o m / w o r l d - u n i v e r s i t y - r a n k i n g s / u n i v e r s i t y - m i c h i g a n - d e a r b o r n    ?  d d   h t t p s : / / w w w . t i m e s h i g h e r e d u c a t i o n . c o m / w o r l d - u n i v e r s i t y - r a n k i n g s / u n i v e r s i t y - m i c h i g a n - d e a r b o r n   ?? e e   猩陏?寕 ? K?         S U N Y   N e w   P a l t z   嗌陏?寕 ? K??   h t t p s : / / w w w . t i m e s h i g h e r e d u c a t i o n . c o m / w o r l d - u n i v e r s i t y - r a n k i n g s / s u n y - n e w - p a l t z    ?  e e   h t t p s : / / w w w . t i m e s h i g h e r e d u c a t i o n . c o m / w o r l d - u n i v e r s i t y - r a n k i n g s / s u n y - n e w - p a l t z   ?f f   猩陏?寕 ? K?         S t o c k t o n   U n i v e r s i t y   嗌陏?寕 ? K??   h t t p s : / / w w w . t i m e s h i g h e r e d u c a t i o n . c o m / w o r l d - u n i v e r s i t y - r a n k i n g s / s t o c k t o n - u n i v e r s i t y    ?  f f   h t t p s : / / w w w . t i m e s h i g h e r e d u c a t i o n . c o m / w o r l d - u n i v e r s i t y - r a n k i n g s / s t o c k t o n - u n i v e r s i t y   g g           D  
   	   ??羳                %       d         褚MbP?_   *    +    ?   €          %    ?  ?      ?    ?    &        ?'        ?(        ?)        ?? " 	 d      ?XXR?呺Q?R?呺Q? ?& ?                                    U                   > ?     @   d                      ?  $	g g           D  
   	   ??羳                %       d         褚MbP?_   *    +    ?   €          %    ?  ?      ?    ?    &        ?'        ?(        ?)        ?? " 	 d      ?XXR?呺Q?R?呺Q? ?& ?                                    U                   > ?     @   d                      ?  $	g g           D  
                                                                                                                                                                                                                                                   	   ?         ?            ?	  ??       ?&啥槟D   ?      ?      ?      ?      ?      ?      ?      ?      ?      ?      ?      ?      ?      ?      ?          ?   ?                                    灖   ?    ? 灖           ?  ?   ?      ?  ?   ?      ?  ?   ?      ?      ?    ?    ?      ? 灖   ?  ?   ?  ?   ? 灖   ?  ?   ? 灖   ?    ?    ?  ?   ?  ?   ?  ?   ?  ?   ?  ?   ?  ?   ?  ?   ?  ?   ?  ?   ?  ?   ?  ?   ?  ?   ?  ?   ?  ?   ?  ?   ?  ?   ?  ?   ?  ?   ?  ?   ?  ?   ?灖   @?灖   @?灖   @?灖   @厉    ?  ?  
                                                 ?  
                     鄥燆鵒h珣 +'迟0   ?         H      €P      X      |      ?      ?      ?              ?             M e n g y a o   H u a n g         T K     @   €c鮏U?@    Q?TU?      W P S   O f f i c e                 ?  
                     胀諟.摋 +,D   胀諟.摋 +,?   H         (      €0      8      @      ?           D o c u m e n t S u m m a r y I n f o r m a t i o n           8                                         $                                                                                                                                                                                                                                                                                                                                                                             ?          (      \      €d      l            K S O P r o d u c t B u i l d V e r        ?             1 0 3 3 - 1 0 . 2 . 0 . 7 4 5 6                                                                                                                                                                                                                                                                                                                                                                 